{
	"credit": "Made with Blockbench",
	"textures": {
		"1": "blocks/ladder",
		"particle": "blocks/planks_oak",
		"planks_oak": "blocks/planks_oak"
	},
	"elements": [
		{
			"name": "Cube",
			"from": [0, 0, 14],
			"to": [16, 2, 16],
			"faces": {
				"north": {"uv": [0, 13, 16, 15], "texture": "#1"},
				"east": {"uv": [0, 11, 2, 13], "texture": "#1"},
				"south": {"uv": [0, 8, 16, 10], "texture": "#planks_oak"},
				"west": {"uv": [4, 12, 6, 14], "texture": "#1"},
				"up": {"uv": [0, 5, 16, 7], "texture": "#1"},
				"down": {"uv": [0, 0, 16, 2], "texture": "#planks_oak"}
			}
		},
		{
			"name": "Cube",
			"from": [0, 4, 14],
			"to": [16, 6, 16],
			"faces": {
				"north": {"uv": [0, 10, 16, 12], "texture": "#1"},
				"east": {"uv": [0, 5, 2, 7], "texture": "#1"},
				"south": {"uv": [0, 5, 16, 7], "texture": "#planks_oak"},
				"west": {"uv": [0, 11, 2, 13], "texture": "#1"},
				"up": {"uv": [0, 6, 16, 8], "texture": "#1"},
				"down": {"uv": [0, 0, 16, 2], "texture": "#1"}
			}
		},
		{
			"name": "Cube",
			"from": [0, 8, 14],
			"to": [16, 10, 16],
			"faces": {
				"north": {"uv": [0, 6, 16, 8], "texture": "#1"},
				"east": {"uv": [10, 7, 12, 9], "texture": "#1"},
				"south": {"uv": [0, 5, 16, 8], "texture": "#planks_oak"},
				"west": {"uv": [5, 5, 7, 7], "texture": "#1"},
				"up": {"uv": [0, 2, 16, 4], "texture": "#1"},
				"down": {"uv": [0, 0, 16, 2], "texture": "#1"}
			}
		},
		{
			"name": "Cube",
			"from": [0, 12, 14],
			"to": [16, 14, 16],
			"faces": {
				"north": {"uv": [0, 2, 16, 4], "texture": "#1"},
				"east": {"uv": [4, 7, 6, 9], "texture": "#1"},
				"south": {"uv": [0, 5, 16, 7], "texture": "#planks_oak"},
				"west": {"uv": [6, 7, 8, 9], "texture": "#1"},
				"up": {"uv": [0, 6, 16, 8], "texture": "#1"},
				"down": {"uv": [0, 0, 16, 2], "texture": "#planks_oak"}
			}
		},
		{
			"name": "Cube",
			"from": [1, -1, 15],
			"to": [3, 16, 16],
			"faces": {
				"north": {"uv": [12, 0, 14, 16], "texture": "#1"},
				"east": {"uv": [0, 0, 1, 16], "texture": "#planks_oak"},
				"south": {"uv": [0, 0, 2, 16], "texture": "#planks_oak"},
				"west": {"uv": [3, 0, 4, 16], "texture": "#1"},
				"up": {"uv": [0, 0, 2, 1], "texture": "#planks_oak"},
				"down": {"uv": [0, 0, 2, 1], "texture": "#planks_oak"}
			}
		},
		{
			"name": "Cube",
			"from": [13, -1, 15],
			"to": [15, 16, 16],
			"faces": {
				"north": {"uv": [2, 0, 4, 16], "texture": "#1"},
				"east": {"uv": [0, 0, 1, 16], "texture": "#planks_oak"},
				"south": {"uv": [0, 0, 2, 16], "texture": "#planks_oak"},
				"west": {"uv": [0, 0, 1, 16], "texture": "#planks_oak"},
				"up": {"uv": [0, 0, 2, 1], "texture": "#planks_oak"},
				"down": {"uv": [0, 0, 2, 1], "texture": "#planks_oak"}
			}
		}
	],
	"display": {
		"thirdperson_righthand": {
			"rotation": [75, 315, 0],
			"translation": [0, 2.5, 0],
			"scale": [0.375, 0.375, 0.375]
		},
		"firstperson_righthand": {
			"rotation": [0, 315, 0],
			"translation": [0, 2.5, 0],
			"scale": [0.4, 0.4, 0.4]
		},
		"ground": {
			"translation": [0, 3, 0],
			"scale": [0.25, 0.25, 0.25]
		},
		"gui": {
			"rotation": [30, 45, 0],
			"scale": [0.625, 0.625, 0.625]
		},
		"head": {
			"rotation": [0, 180, 0]
		},
		"fixed": {
			"rotation": [0, 180, 0]
		}
	}
}